"name"	"url key"
"Aligner "	"info-center/aligner "
"Alternate Bandbell Curls "	"info-center/alternate-bandbell-curls-2 "
"Animals "	"info-center/animals "
"Ankle Motionizer "	"info-center/ankle-motionizer "
"Back Lubricator "	"info-center/back-lubricator "
"Bandbell Curls "	"info-center/bandbell-curls "
"Bent Over Band-Rows "	"info-center/bent-over-band-rows "
"Bicycle "	"info-center/bicycle "
"Burpee "	"info-center/burpee "
"Cableband Curls "	"info-center/cableband-curls "
"Cableband Laterals "	"info-center/cableband-laterals "
"Calf Raises "	"info-center/calf-raises "
"Clean "	"info-center/clean "
"Close Grip Push-Up Press "	"info-center/close-grip-push-up-press "
"Concentration Curls "	"info-center/concentration-curls "
"Crossband Lateral Curls "	"info-center/crossband-lateral-curls "
"Crunch "	"info-center/crunch "
"Deadlift "	"info-center/deadlift "
"Decline Bench Press "	"info-center/decline-bench-press "
"Dips "	"info-center/dips "
"Downward Pull "	"info-center/downward-pull "
"Flat Bench Press With Bands "	"info-center/flat-bench-press "
"Flyes "	"info-center/flyes "
"Front Raises "	"info-center/front-raises "
"Good Mornings "	"info-center/good-mornings "
"Hammer Curls "	"info-center/hammer-curls "
"Handstand Pushup "	"info-center/handstand-pushup "
"Hip Abductor/Adductor "	"info-center/hip-abductoradductor "
"Horizontal Extensions "	"info-center/horizontal-extensions "
"Hyperextension "	"info-center/hyperextension "
"Incline Bench Press "	"info-center/incline-bench-press "
"Isolation Pulls "	"info-center/isolation-pulls "
"Jerk "	"info-center/jerk "
"Kettle-Band Swing "	"info-center/kettle-band-swing "
"Kickbacks "	"info-center/kickbacks "
"Lat-Band Pulldown "	"info-center/lat-band-pulldown "
"Lateral Extension "	"info-center/lateral-extension "
"Lateral Raises "	"info-center/lateral-raises "
"Leg Curls "	"info-center/leg-curls "
"Leg Extensions "	"info-center/leg-extensions "
"Leg Liberator "	"info-center/leg-liberator "
"Leg Press "	"info-center/leg-press "
"Loose Arm-ony "	"info-center/loose-arm-ony "
"Lunges "	"info-center/lunges "
"Military Press "	"info-center/military-press "
"Neck Stup "	"info-center/neck-stup "
"Obliquatory "	"info-center/obliquatory "
"Overhead Extensions "	"info-center/overhead-extensions "
"Plank "	"info-center/plank "
"Pull Over "	"info-center/pull-over "
"Push Up Press "	"info-center/push-up-press "
"Quad-lity "	"info-center/quad-lity "
"Raise "	"info-center/raise "
"Relaxalator "	"info-center/relaxalator "
"Resisted Box Jump "	"info-center/resisted-box-jump "
"Resisted Jumping Jacks "	"info-center/resisted-jumping-jacks "
"Resisted Kicks "	"info-center/resisted-kicks "
"Resisted Run "	"info-center/resisted-run "
"Reverse Curls "	"info-center/reverse-curls "
"Reverse Flyes "	"info-center/reverse-flyes "
"Roll "	"info-center/roll "
"Seated Band Rows "	"info-center/seated-band-rows "
"Shrugs "	"info-center/shrugs "
"Side Bend "	"info-center/side-bend "
"Side Bridge "	"info-center/side-bridge "
"Skiers "	"info-center/skiers "
"Snatch "	"info-center/snatch "
"Squats "	"info-center/squats "
"Squeeze "	"info-center/squeeze "
"Straight Arm Pulldowns "	"info-center/straight-arm-pulldowns "
"Straight Leg Deadlift "	"info-center/straight-leg-deadlift "
"Superman "	"info-center/superman "
"Thruster "	"info-center/thruster "
"Tricep Pushdown "	"info-center/tricep-pushdown "
"Twist "	"info-center/twist "
"Upright Rows "	"info-center/upright-rows "
"Vertical Extensions "	"info-center/vertical-extensions "
"Wicked Chicken Wing "	"info-center/wicked-chicken-wing "
"Woodchopper "	"info-center/woodchopper "
"Wrapped Shoulder Extension "	"info-center/wrapped-shoulder-extension "
