"sku"	"name"	"image"
"B4"	"Single – 4 Robust"	"http://rubber.kcrnc.com/media/catalog/product//r/o/robust-resistance-_band.jpg"
"P3"	"Kit – Deluxe"	"http://rubber.kcrnc.com/media/catalog/product//d/e/deluxe-mobile-gym-kit-in-a-bag.jpg"
"FR2"	"36x6 Foam Roller"	"http://rubber.kcrnc.com/media/catalog/product//f/o/foam-roller-1.jpg"
"C1"	"Combo – Medium/Heavy"	"http://rubber.kcrnc.com/media/catalog/product//m/e/medium-heavy-resistance-band-combo.jpg"
"A11"	"ab mat"	"http://rubber.kcrnc.com/media/catalog/product//a/b/ab-mat-back-pad.jpg"
"D2"	"big bar"	"http://rubber.kcrnc.com/media/catalog/product//a/d/advanced-door-gym-pull-up-bar-2.jpg"
"B1"	"Single – 1 light"	"http://rubber.kcrnc.com/media/catalog/product//l/i/light-resistance-band-1.jpg"
"P2"	"Kit – standard"	"http://rubber.kcrnc.com/media/catalog/product//s/t/standard-kit.jpg.png"
"P1"	"Kit – basic"	"http://rubber.kcrnc.com/media/catalog/product//b/a/basic-mobile-gym-kit-in-a-bag.png"
"B8"	"Single – 9 explosive"	"http://rubber.kcrnc.com/media/catalog/product//e/x/explosive-resistance-band.jpg"
"B7"	"Single – 8 agility"	"http://rubber.kcrnc.com/media/catalog/product//a/g/agility-resistance-band.jpg"
"B6"	"Single – 6 strong"	"http://rubber.kcrnc.com/media/catalog/product//s/t/strong-resistance-band.jpg"
"B5"	"Single – 5 power"	"http://rubber.kcrnc.com/media/catalog/product//p/o/power-resistance-band.jpg"
"B3"	"Single – 3 heavy"	"http://rubber.kcrnc.com/media/catalog/product//h/e/heavy-resistance-band.jpg"
"B2"	"Single – 2 medium"	"http://rubber.kcrnc.com/media/catalog/product//m/e/medium-resistance-band.jpg"
"A1"	"ACC – hand grip"	"http://rubber.kcrnc.com/media/catalog/product//s/o/soft-hand-grip.jpg"
"C6"	"Pair – light"	"http://rubber.kcrnc.com/media/catalog/product//l/i/light-resistance-band-pair.jpg"
"C5"	"Combo – light/medium/heavy"	"http://rubber.kcrnc.com/media/catalog/product//l/i/light-medium-heavy-resistance-band-combo.jpg"
"C4"	"Combo – robust/power"	"http://rubber.kcrnc.com/media/catalog/product//r/o/robust-power-resistance-band-combo.jpg"
"C3"	"Combo – heavy/power"	"http://rubber.kcrnc.com/media/catalog/product//h/e/heavy-power-resistance-band-combo.jpg"
"C2"	"Combo – heavy/robust"	"http://rubber.kcrnc.com/media/catalog/product//h/e/heavy-robust-resistance-band-combo.jpg"
"B9"	"Single – 7 monster"	"http://rubber.kcrnc.com/media/catalog/product//m/o/monster-resistance-band.jpg"
"W2"	"ACC – manual"	"http://rubber.kcrnc.com/media/catalog/product//e/x/exercise-manual.jpg"
"W1"	"ACC – dvd"	"http://rubber.kcrnc.com/media/catalog/product//r/e/resistance-tutorial-dvd.jpg"
"A6"	"ACC – bag"	"http://rubber.kcrnc.com/media/catalog/product//t/r/travel-bag.jpg"
"A4"	"ACC – carabiner"	"http://rubber.kcrnc.com/media/catalog/product//c/a/carabiner.jpg"
"A2"	"ACC – ankle grips"	"http://rubber.kcrnc.com/media/catalog/product//p/a/padded-ankle-grip.jpg"
"D9"	"rings/medium/robust"	"http://rubber.kcrnc.com/media/catalog/product//r/i/ring-pull-up-kit-gym-rings-medium-robust-resistance-bands.jpg"
"D8"	"rings/heavy/robust/power"	"http://rubber.kcrnc.com/media/catalog/product//r/i/ring-pull-up-kit-gym-rings-heavy-robust-power-resistance-bands.jpg"
"D7"	"rope/abmat/medium/heavy"	"http://rubber.kcrnc.com/media/catalog/product//c/r/crossfit-starter-kit-jump-rope-back-pad-medium-heavy-resistance-bands.jpg"
"D6"	"rings/rope"	"http://rubber.kcrnc.com/media/catalog/product//c/r/crossfit-essentials-kit-gym-rings-jump-rope.jpg"
"D5"	"rings/bar"	"http://rubber.kcrnc.com/media/catalog/product//c/r/crossfit-essentials-kit-gym-rings-pull-up-bar.jpg"
"D4"	"rope/abmat"	"http://rubber.kcrnc.com/media/catalog/product//c/r/crossfit_essentials_kit_jump_rope_back_pad.jpg"
"D3"	"rings/abmat/bar"	"http://rubber.kcrnc.com/media/catalog/product//c/r/crossfit-essentials-kit-gym-rings-back-pad-pull-up-bar.jpg"
"D1"	"basic bar"	"http://rubber.kcrnc.com/media/catalog/product//b/a/basic-door-gym-pull-up-bar.jpg"
"G1"	"rings"	"http://rubber.kcrnc.com/media/catalog/product//g/y/gymnastics-rings-and-straps.jpg"
"C17"	"Combo – medium/heavy/robust"	"http://rubber.kcrnc.com/media/catalog/product//m/e/medium-heavy-robust-resistance-band-combo-2.jpg"
"C16"	"Combo – medium/heavy/power"	"http://rubber.kcrnc.com/media/catalog/product//m/e/medium-heavy-power-resistance-band-combo.jpg"
"C15"	"Combo – heavy/robust/power"	"http://rubber.kcrnc.com/media/catalog/product//h/e/heavy-robust-power-resistance-band-combo.jpg"
"C14"	"Combo – robust/power/strong"	"http://rubber.kcrnc.com/media/catalog/product//r/o/robust-power-strong-resistance-band-combo.jpg"
"C13"	"Pair – 7 monster"	"http://rubber.kcrnc.com/media/catalog/product//m/o/monster-resistance-band-pair.jpg"
"U1"	"jump rope"	"http://rubber.kcrnc.com/media/catalog/product//u/l/ultra-speed-jump-rope.jpg"
"A10"	"ACC – Door Anchor"	"http://rubber.kcrnc.com/media/catalog/product//d/o/door-anchor-1.jpg"
"A9"	"ACC – Hand Strap"	"http://rubber.kcrnc.com/media/catalog/product//a/d/adjustable-hand-strap.jpg"
"C12"	"Combo – complete set"	"http://rubber.kcrnc.com/media/catalog/product//c/o/complete-band-set.jpg"
"C11"	"Pair – 6 strong"	"http://rubber.kcrnc.com/media/catalog/product//s/t/strong-resistance-band-pair.jpg"
"C10"	"Pair – 5 power"	"http://rubber.kcrnc.com/media/catalog/product//p/o/power-resistance-band-pair.jpg"
"C9"	"Pair – 4 robust"	"http://rubber.kcrnc.com/media/catalog/product//r/o/robust-resistance-band-pair.jpg"
"C8"	"Pair – 3 heavy"	"http://rubber.kcrnc.com/media/catalog/product//h/e/heavy-resistance-band-pair.jpg"
"C7"	"Pair – 2 medium"	"http://rubber.kcrnc.com/media/catalog/product//m/e/medium-resistance-band-pair.jpg"
"PK2"	"Kit – parkour black"	"http://rubber.kcrnc.com/media/catalog/product//p/a/parkour_black.jpg"
"PK1"	"Kit -  parkour red"	"http://rubber.kcrnc.com/media/catalog/product//p/a/parkour_red.jpg"
"HHAG-PRO"	"H2 pro"	"http://rubber.kcrnc.com/media/catalog/product//h/2/h2-6.jpg"
"HHAG-CORE"	"H2 Core"	"http://rubber.kcrnc.com/media/catalog/product//h/2/h2-3.jpg"
"HHAG-H2"	"H2 Single"	"http://rubber.kcrnc.com/media/catalog/product//h/2/h2-2_2.jpg"
"D20"	"rings/abmat"	"http://rubber.kcrnc.com/media/catalog/product//c/r/crossfit-essentials-kit-gym-rings-back-pad.jpg"
"D19"	"abmat/bar"	"http://rubber.kcrnc.com/media/catalog/product//c/r/crossfit-essentials-kit-back-pad-pull-up-bar.jpg"
"D18"	"rings/rope/bar"	"http://rubber.kcrnc.com/media/catalog/product//c/r/crossfit-essentials-kit-gym-rings-jump-rope-pull-up-bar.jpg"
"D17"	"rings/rope/abmat"	"http://rubber.kcrnc.com/media/catalog/product//c/r/crossfit-essentials-kit-gym-rings-jump-rope-pull-up-bar_1.jpg"
"D16"	"rope/abmat/bar"	"http://rubber.kcrnc.com/media/catalog/product//c/r/crossfitessentialskitjumpropebackpadpullupbar.jpg"
"C18"	"Combo – medium/robust"	"http://rubber.kcrnc.com/media/catalog/product//m/e/medium-robust-resistance-band-combo.jpg"
"D15"	"bar/medium/heavy"	"http://rubber.kcrnc.com/media/catalog/product//p/u/pull-up-bar-and-band-set-pull-up-bar-medium-heavy-resistance-bands.jpg"
"D14"	"bar/heavy/robust/power"	"http://rubber.kcrnc.com/media/catalog/product//p/u/pull-up-bar-and-band-set-pull-up-bar-heavy-robust-power-resistance-bands.jpg"
"D13"	"bar/power"	"http://rubber.kcrnc.com/media/catalog/product//p/u/pull-up-bar-and-band-set-pull-up-bar-power-resistance-band.jpg"
"D12"	"bar/heavy/robust"	"http://rubber.kcrnc.com/media/catalog/product//p/u/pull-up-bar-and-band-set-pull-up-bar-heavy-robust-resistance-bands.jpg"
"D11"	"abmat/medium/heavy/robust"	"http://rubber.kcrnc.com/media/catalog/product//j/a/jacked-abs-starter-kit-back-pad-medium-heavy-robust-resistance-bands.jpg"
"D10"	"rope/bar"	"http://rubber.kcrnc.com/media/catalog/product//c/r/crossfit-essentials-kit-jump-rope-pull-up-bar.jpg"
"WB"	"Wall Ball"	"http://rubber.kcrnc.com/media/catalog/product//w/a/wall-ball_1.jpg"
"SB"	"Slam Ball"	"http://rubber.kcrnc.com/media/catalog/product//s/l/slam-ball-1.jpg"
"BR"	"Battle Rope"	"http://rubber.kcrnc.com/media/catalog/product//b/a/battle-rope-1_1.jpg"
"6626F-WMV"	"KewlFit Womens WMV"	"http://rubber.kcrnc.com/media/catalog/product//w/o/womens-wmv.jpg"
"6626M-WMV"	"KewlFit Mens WMV"	"http://rubber.kcrnc.com/media/catalog/product//m/e/mens-wmv.jpg"
"6626M-PEV"	"KewlFit Mens PEV"	"http://rubber.kcrnc.com/media/catalog/product//m/e/mens-pev.jpg"
"AS1"	"Ab Straps"	"http://rubber.kcrnc.com/media/catalog/product//a/b/ab-straps.jpg"
"FR1"	"18x6 Foam roller"	"http://rubber.kcrnc.com/media/catalog/product//f/o/foam-roller.jpg"
"PU1"	"Push up Bars"	"http://rubber.kcrnc.com/media/catalog/product//p/u/push-up-grip.jpg"
"YM1"	"Yoga Mat"	"http://rubber.kcrnc.com/media/catalog/product//y/o/yoga-mat.jpg"
"AL1"	"Agility Ladder"	"http://rubber.kcrnc.com/media/catalog/product//a/g/agility-ladder.jpg"
"BP1"	"Balance Pad"	"http://rubber.kcrnc.com/media/catalog/product//b/a/balance-pad.jpg"
"P4"	"Kit – jetsetter"	"http://rubber.kcrnc.com/media/catalog/product//j/e/jetsetter.jpg"
"PK3"	"Kit – Parkour Pro"	"http://rubber.kcrnc.com/media/catalog/product//p/a/parkour_pro.jpg"
"A5"	"ACC – Hand Strap"	
"A3"	"ACC – Door Strap"	
"HHAG-PLUS"	"H2 Plus"	"http://rubber.kcrnc.com/media/catalog/product//h/2/h2-5.jpg"
